,N,Tiempos,Fecha
0,10,0.0,2022-05-21 01:39:53.444077
1,20,0.0,2022-05-21 01:39:53.444077
2,30,0.0,2022-05-21 01:39:53.444077
3,40,0.0,2022-05-21 01:39:53.444077
4,50,0.0,2022-05-21 01:39:53.444077
5,60,0.0010035037994384766,2022-05-21 01:39:53.444077
6,70,0.0,2022-05-21 01:39:53.444077
7,80,0.0,2022-05-21 01:39:53.444077
8,90,0.0,2022-05-21 01:39:53.444077
9,100,0.0,2022-05-21 01:39:53.444077
10,110,0.0,2022-05-21 01:39:53.444077
11,120,0.0,2022-05-21 01:39:53.444077
12,130,0.0010426044464111328,2022-05-21 01:39:53.444077
13,140,0.0,2022-05-21 01:39:53.444077
14,150,0.0,2022-05-21 01:39:53.444077
15,160,0.0,2022-05-21 01:39:53.444077
16,170,0.0,2022-05-21 01:39:53.444077
17,180,0.00099945068359375,2022-05-21 01:39:53.444077
18,190,0.0,2022-05-21 01:39:53.444077
19,200,0.0,2022-05-21 01:39:53.444077
20,210,0.0,2022-05-21 01:39:53.444077
21,220,0.0009987354278564453,2022-05-21 01:39:53.444077
22,230,0.0,2022-05-21 01:39:53.444077
23,240,0.0,2022-05-21 01:39:53.444077
24,250,0.0010275840759277344,2022-05-21 01:39:53.444077
25,260,0.0,2022-05-21 01:39:53.444077
26,270,0.0009720325469970703,2022-05-21 01:39:53.444077
27,280,0.0,2022-05-21 01:39:53.444077
28,290,0.0009086132049560547,2022-05-21 01:39:53.444077
29,300,0.0,2022-05-21 01:39:53.444077
30,310,0.0010008811950683594,2022-05-21 01:39:53.444077
31,320,0.0,2022-05-21 01:39:53.444077
32,330,0.0009989738464355469,2022-05-21 01:39:53.444077
33,340,0.0,2022-05-21 01:39:53.444077
34,350,0.0009987354278564453,2022-05-21 01:39:53.444077
35,360,0.0,2022-05-21 01:39:53.444077
36,370,0.0010001659393310547,2022-05-21 01:39:53.444077
37,380,0.00113677978515625,2022-05-21 01:39:53.444077
38,390,0.0,2022-05-21 01:39:53.444077
39,400,0.0013167858123779297,2022-05-21 01:39:53.444077
40,410,0.0,2022-05-21 01:39:53.444077
41,420,0.0009946823120117188,2022-05-21 01:39:53.444077
42,430,0.0010085105895996094,2022-05-21 01:39:53.444077
43,440,0.0,2022-05-21 01:39:53.444077
44,450,0.0009889602661132812,2022-05-21 01:39:53.444077
45,460,0.0010151863098144531,2022-05-21 01:39:53.444077
46,470,0.0,2022-05-21 01:39:53.444077
47,480,0.0009996891021728516,2022-05-21 01:39:53.444077
48,490,0.000985860824584961,2022-05-21 01:39:53.444077
49,500,0.0010008811950683594,2022-05-21 01:39:53.444077
50,510,0.0,2022-05-21 01:39:53.444077
51,520,0.0009989738464355469,2022-05-21 01:39:53.444077
52,530,0.001020669937133789,2022-05-21 01:39:53.444077
53,540,0.0008857250213623047,2022-05-21 01:39:53.444077
54,550,0.0010004043579101562,2022-05-21 01:39:53.444077
55,560,0.0010008811950683594,2022-05-21 01:39:53.444077
56,570,0.0009987354278564453,2022-05-21 01:39:53.444077
57,580,0.0016639232635498047,2022-05-21 01:39:53.444077
58,590,0.0011186599731445312,2022-05-21 01:39:53.444077
59,600,0.001100301742553711,2022-05-21 01:39:53.444077
60,610,0.000982046127319336,2022-05-21 01:39:53.444077
61,620,0.0010035037994384766,2022-05-21 01:39:53.444077
62,630,0.0009789466857910156,2022-05-21 01:39:53.444077
63,640,0.0010008811950683594,2022-05-21 01:39:53.444077
64,650,0.0010075569152832031,2022-05-21 01:39:53.444077
65,660,0.0009927749633789062,2022-05-21 01:39:53.444077
66,670,0.0009996891021728516,2022-05-21 01:39:53.444077
67,680,0.0010001659393310547,2022-05-21 01:39:53.444077
68,690,0.0010044574737548828,2022-05-21 01:39:53.444077
69,700,0.0009152889251708984,2022-05-21 01:39:53.444077
70,710,0.001035928726196289,2022-05-21 01:39:53.444077
71,720,0.002285003662109375,2022-05-21 01:39:53.444077
72,730,0.0,2022-05-21 01:39:53.444077
73,740,0.002393007278442383,2022-05-21 01:39:53.444077
74,750,0.0010113716125488281,2022-05-21 01:39:53.444077
75,760,0.0010097026824951172,2022-05-21 01:39:53.444077
76,770,0.0009999275207519531,2022-05-21 01:39:53.444077
77,780,0.001986980438232422,2022-05-21 01:39:53.444077
78,790,0.000993490219116211,2022-05-21 01:39:53.444077
79,800,0.0010178089141845703,2022-05-21 01:39:53.444077
80,810,0.001986980438232422,2022-05-21 01:39:53.444077
81,820,0.0009922981262207031,2022-05-21 01:39:53.444077
82,830,0.0009243488311767578,2022-05-21 01:39:53.444077
83,840,0.002241373062133789,2022-05-21 01:39:53.444077
84,850,0.0012621879577636719,2022-05-21 01:39:53.444077
85,860,0.0009922981262207031,2022-05-21 01:39:53.444077
86,870,0.0019948482513427734,2022-05-21 01:39:53.444077
87,880,0.0010056495666503906,2022-05-21 01:39:53.444077
88,890,0.0020165443420410156,2022-05-21 01:39:53.444077
89,900,0.0009784698486328125,2022-05-21 01:39:53.444077
90,910,0.0020008087158203125,2022-05-21 01:39:53.444077
91,920,0.001018524169921875,2022-05-21 01:39:53.444077
92,930,0.001985788345336914,2022-05-21 01:39:53.444077
93,940,0.0009794235229492188,2022-05-21 01:39:53.444077
94,950,0.0022475719451904297,2022-05-21 01:39:53.444077
95,960,0.0009999275207519531,2022-05-21 01:39:53.444077
96,970,0.0019991397857666016,2022-05-21 01:39:53.444077
97,980,0.00200653076171875,2022-05-21 01:39:53.444077
98,990,0.0010042190551757812,2022-05-21 01:39:53.444077
99,1000,0.001984834671020508,2022-05-21 01:39:53.444077
100,1010,0.0020265579223632812,2022-05-21 01:39:53.444077
101,1020,0.0010113716125488281,2022-05-21 01:39:53.444077
102,1030,0.0019648075103759766,2022-05-21 01:39:53.444077
103,1040,0.0026865005493164062,2022-05-21 01:39:53.444077
104,1050,0.0009860992431640625,2022-05-21 01:39:53.444077
105,1060,0.0019922256469726562,2022-05-21 01:39:53.444077
106,1070,0.0020246505737304688,2022-05-21 01:39:53.444077
107,1080,0.0020058155059814453,2022-05-21 01:39:53.444077
108,1090,0.0019752979278564453,2022-05-21 01:39:53.444077
109,1100,0.0019943714141845703,2022-05-21 01:39:53.444077
110,1110,0.002018451690673828,2022-05-21 01:39:53.444077
111,1120,0.0010671615600585938,2022-05-21 01:39:53.444077
112,1130,0.002242565155029297,2022-05-21 01:39:53.444077
113,1140,0.0020813941955566406,2022-05-21 01:39:53.444077
114,1150,0.0020122528076171875,2022-05-21 01:39:53.444077
115,1160,0.001950979232788086,2022-05-21 01:39:53.444077
116,1170,0.0020623207092285156,2022-05-21 01:39:53.444077
117,1180,0.0019905567169189453,2022-05-21 01:39:53.444077
118,1190,0.002020120620727539,2022-05-21 01:39:53.444077
119,1200,0.0025293827056884766,2022-05-21 01:39:53.444077
120,1210,0.0019981861114501953,2022-05-21 01:39:53.444077
121,1220,0.002002716064453125,2022-05-21 01:39:53.444077
122,1230,0.0019998550415039062,2022-05-21 01:39:53.444077
123,1240,0.0019989013671875,2022-05-21 01:39:53.444077
124,1250,0.002002239227294922,2022-05-21 01:39:53.444077
125,1260,0.0020003318786621094,2022-05-21 01:39:53.444077
126,1270,0.002543926239013672,2022-05-21 01:39:53.444077
127,1280,0.0019998550415039062,2022-05-21 01:39:53.444077
128,1290,0.003000020980834961,2022-05-21 01:39:53.444077
129,1300,0.0019998550415039062,2022-05-21 01:39:53.444077
130,1310,0.001998424530029297,2022-05-21 01:39:53.444077
131,1320,0.0019996166229248047,2022-05-21 01:39:53.444077
132,1330,0.00393223762512207,2022-05-21 01:39:53.444077
133,1340,0.003019094467163086,2022-05-21 01:39:53.444077
134,1350,0.002994060516357422,2022-05-21 01:39:53.444077
135,1360,0.0029997825622558594,2022-05-21 01:39:53.444077
136,1370,0.0021011829376220703,2022-05-21 01:39:53.444077
137,1380,0.003000974655151367,2022-05-21 01:39:53.444077
138,1390,0.0028476715087890625,2022-05-21 01:39:53.444077
139,1400,0.001989126205444336,2022-05-21 01:39:53.444077
140,1410,0.0029501914978027344,2022-05-21 01:39:53.444077
141,1420,0.002048969268798828,2022-05-21 01:39:53.444077
142,1430,0.002997159957885742,2022-05-21 01:39:53.444077
143,1440,0.0020182132720947266,2022-05-21 01:39:53.444077
144,1450,0.0021028518676757812,2022-05-21 01:39:53.444077
145,1460,0.0031731128692626953,2022-05-21 01:39:53.444077
146,1470,0.003010272979736328,2022-05-21 01:39:53.444077
147,1480,0.002009153366088867,2022-05-21 01:39:53.444077
148,1490,0.0029985904693603516,2022-05-21 01:39:53.444077
149,1500,0.0029854774475097656,2022-05-21 01:39:53.444077
150,1510,0.002468109130859375,2022-05-21 01:39:53.444077
151,1520,0.0030128955841064453,2022-05-21 01:39:53.444077
152,1530,0.0019905567169189453,2022-05-21 01:39:53.444077
153,1540,0.0030066967010498047,2022-05-21 01:39:53.444077
154,1550,0.002994060516357422,2022-05-21 01:39:53.444077
155,1560,0.002996683120727539,2022-05-21 01:39:53.444077
156,1570,0.003003835678100586,2022-05-21 01:39:53.444077
157,1580,0.002001047134399414,2022-05-21 01:39:53.444077
158,1590,0.002995014190673828,2022-05-21 01:39:53.444077
159,1600,0.0029981136322021484,2022-05-21 01:39:53.444077
160,1610,0.0030002593994140625,2022-05-21 01:39:53.444077
161,1620,0.003889322280883789,2022-05-21 01:39:53.444077
162,1630,0.005317211151123047,2022-05-21 01:39:53.444077
163,1640,0.0029821395874023438,2022-05-21 01:39:53.444077
164,1650,0.003007650375366211,2022-05-21 01:39:53.444077
165,1660,0.0031554698944091797,2022-05-21 01:39:53.444077
166,1670,0.0030875205993652344,2022-05-21 01:39:53.444077
167,1680,0.0029959678649902344,2022-05-21 01:39:53.444077
168,1690,0.00391697883605957,2022-05-21 01:39:53.444077
169,1700,0.0030002593994140625,2022-05-21 01:39:53.444077
170,1710,0.0034394264221191406,2022-05-21 01:39:53.444077
171,1720,0.003022909164428711,2022-05-21 01:39:53.444077
172,1730,0.0029833316802978516,2022-05-21 01:39:53.444077
173,1740,0.002995014190673828,2022-05-21 01:39:53.444077
174,1750,0.0029985904693603516,2022-05-21 01:39:53.444077
175,1760,0.003567218780517578,2022-05-21 01:39:53.444077
176,1770,0.003025054931640625,2022-05-21 01:39:53.444077
177,1780,0.0029730796813964844,2022-05-21 01:39:53.444077
178,1790,0.00402069091796875,2022-05-21 01:39:53.444077
179,1800,0.0031375885009765625,2022-05-21 01:39:53.444077
180,1810,0.0032105445861816406,2022-05-21 01:39:53.444077
181,1820,0.003023862838745117,2022-05-21 01:39:53.444077
182,1830,0.0029959678649902344,2022-05-21 01:39:53.444077
183,1840,0.003981113433837891,2022-05-21 01:39:53.444077
184,1850,0.002985715866088867,2022-05-21 01:39:53.444077
185,1860,0.004019975662231445,2022-05-21 01:39:53.444077
186,1870,0.002994537353515625,2022-05-21 01:39:53.444077
187,1880,0.0029981136322021484,2022-05-21 01:39:53.444077
188,1890,0.0041429996490478516,2022-05-21 01:39:53.444077
189,1900,0.003249645233154297,2022-05-21 01:39:53.444077
190,1910,0.0029985904693603516,2022-05-21 01:39:53.444077
191,1920,0.0040013790130615234,2022-05-21 01:39:53.444077
192,1930,0.0029976367950439453,2022-05-21 01:39:53.444077
193,1940,0.0042650699615478516,2022-05-21 01:39:53.444077
194,1950,0.003000974655151367,2022-05-21 01:39:53.444077
195,1960,0.0040225982666015625,2022-05-21 01:39:53.444077
196,1970,0.002988576889038086,2022-05-21 01:39:53.444077
197,1980,0.0042192935943603516,2022-05-21 01:39:53.444077
198,1990,0.002924203872680664,2022-05-21 01:39:53.444077
199,2000,0.004077911376953125,2022-05-21 01:39:53.444077
200,2010,0.0040018558502197266,2022-05-21 01:39:53.444077
201,2020,0.0038645267486572266,2022-05-21 01:39:53.444077
202,2030,0.0031125545501708984,2022-05-21 01:39:53.444077
203,2040,0.00398564338684082,2022-05-21 01:39:53.444077
204,2050,0.003993511199951172,2022-05-21 01:39:53.444077
205,2060,0.0039975643157958984,2022-05-21 01:39:53.444077
206,2070,0.004007101058959961,2022-05-21 01:39:53.444077
207,2080,0.004014253616333008,2022-05-21 01:39:53.444077
208,2090,0.0029773712158203125,2022-05-21 01:39:53.444077
209,2100,0.004002809524536133,2022-05-21 01:39:53.444077
210,2110,0.004300117492675781,2022-05-21 01:39:53.444077
211,2120,0.004986763000488281,2022-05-21 01:39:53.444077
212,2130,0.002997875213623047,2022-05-21 01:39:53.444077
213,2140,0.004588603973388672,2022-05-21 01:39:53.444077
214,2150,0.004094839096069336,2022-05-21 01:39:53.444077
215,2160,0.0039713382720947266,2022-05-21 01:39:53.444077
216,2170,0.004026889801025391,2022-05-21 01:39:53.444077
217,2180,0.003919839859008789,2022-05-21 01:39:53.444077
218,2190,0.0040819644927978516,2022-05-21 01:39:53.444077
219,2200,0.0040225982666015625,2022-05-21 01:39:53.444077
220,2210,0.0049800872802734375,2022-05-21 01:39:53.444077
221,2220,0.003994464874267578,2022-05-21 01:39:53.444077
222,2230,0.0040132999420166016,2022-05-21 01:39:53.444077
223,2240,0.003944873809814453,2022-05-21 01:39:53.444077
224,2250,0.0040743350982666016,2022-05-21 01:39:53.444077
225,2260,0.004567384719848633,2022-05-21 01:39:53.444077
226,2270,0.004002571105957031,2022-05-21 01:39:53.444077
227,2280,0.004948854446411133,2022-05-21 01:39:53.444077
228,2290,0.004042387008666992,2022-05-21 01:39:53.444077
229,2300,0.004047393798828125,2022-05-21 01:39:53.444077
230,2310,0.0049555301666259766,2022-05-21 01:39:53.444077
231,2320,0.00400090217590332,2022-05-21 01:39:53.444077
232,2330,0.0049896240234375,2022-05-21 01:39:53.444077
233,2340,0.004026651382446289,2022-05-21 01:39:53.444077
234,2350,0.0050084590911865234,2022-05-21 01:39:53.444077
235,2360,0.003973484039306641,2022-05-21 01:39:53.444077
236,2370,0.005286455154418945,2022-05-21 01:39:53.444077
237,2380,0.004000186920166016,2022-05-21 01:39:53.444077
238,2390,0.005000591278076172,2022-05-21 01:39:53.444077
239,2400,0.004542112350463867,2022-05-21 01:39:53.444077
240,2410,0.004975318908691406,2022-05-21 01:39:53.444077
241,2420,0.004000425338745117,2022-05-21 01:39:53.444077
242,2430,0.0055463314056396484,2022-05-21 01:39:53.444077
243,2440,0.004103422164916992,2022-05-21 01:39:53.444077
244,2450,0.0050048828125,2022-05-21 01:39:53.444077
245,2460,0.005036830902099609,2022-05-21 01:39:53.444077
246,2470,0.0066220760345458984,2022-05-21 01:39:53.444077
247,2480,0.006994485855102539,2022-05-21 01:39:53.444077
248,2490,0.006981372833251953,2022-05-21 01:39:53.444077
249,2500,0.006002187728881836,2022-05-21 01:39:53.444077
250,2510,0.005181312561035156,2022-05-21 01:39:53.444077
251,2520,0.0052297115325927734,2022-05-21 01:39:53.444077
252,2530,0.005007028579711914,2022-05-21 01:39:53.444077
253,2540,0.00400233268737793,2022-05-21 01:39:53.444077
254,2550,0.005511283874511719,2022-05-21 01:39:53.444077
255,2560,0.004999399185180664,2022-05-21 01:39:53.444077
256,2570,0.00500035285949707,2022-05-21 01:39:53.444077
257,2580,0.005831241607666016,2022-05-21 01:39:53.444077
258,2590,0.005078315734863281,2022-05-21 01:39:53.444077
259,2600,0.0050199031829833984,2022-05-21 01:39:53.444077
260,2610,0.005579948425292969,2022-05-21 01:39:53.444077
261,2620,0.0050809383392333984,2022-05-21 01:39:53.444077
262,2630,0.005010366439819336,2022-05-21 01:39:53.444077
263,2640,0.005010128021240234,2022-05-21 01:39:53.444077
264,2650,0.004986763000488281,2022-05-21 01:39:53.444077
265,2660,0.0049932003021240234,2022-05-21 01:39:53.444077
266,2670,0.005381584167480469,2022-05-21 01:39:53.444077
267,2680,0.005025625228881836,2022-05-21 01:39:53.444077
268,2690,0.005976438522338867,2022-05-21 01:39:53.444077
269,2700,0.004430532455444336,2022-05-21 01:39:53.444077
270,2710,0.006030559539794922,2022-05-21 01:39:53.444077
271,2720,0.004975080490112305,2022-05-21 01:39:53.444077
272,2730,0.005314350128173828,2022-05-21 01:39:53.444077
273,2740,0.004996776580810547,2022-05-21 01:39:53.444077
274,2750,0.006095409393310547,2022-05-21 01:39:53.444077
275,2760,0.005101203918457031,2022-05-21 01:39:53.444077
276,2770,0.005944490432739258,2022-05-21 01:39:53.444077
277,2780,0.006780147552490234,2022-05-21 01:39:53.444077
278,2790,0.00707554817199707,2022-05-21 01:39:53.444077
279,2800,0.006021738052368164,2022-05-21 01:39:53.444077
280,2810,0.005558013916015625,2022-05-21 01:39:53.444077
281,2820,0.0050201416015625,2022-05-21 01:39:53.444077
282,2830,0.005998849868774414,2022-05-21 01:39:53.444077
283,2840,0.006002664566040039,2022-05-21 01:39:53.444077
284,2850,0.0049779415130615234,2022-05-21 01:39:53.444077
285,2860,0.005199432373046875,2022-05-21 01:39:53.444077
286,2870,0.00611424446105957,2022-05-21 01:39:53.444077
287,2880,0.00602269172668457,2022-05-21 01:39:53.444077
288,2890,0.005507707595825195,2022-05-21 01:39:53.444077
289,2900,0.006026029586791992,2022-05-21 01:39:53.444077
290,2910,0.005954742431640625,2022-05-21 01:39:53.444077
291,2920,0.0060405731201171875,2022-05-21 01:39:53.444077
292,2930,0.004981517791748047,2022-05-21 01:39:53.444077
293,2940,0.006311655044555664,2022-05-21 01:39:53.444077
294,2950,0.005984067916870117,2022-05-21 01:39:53.444077
295,2960,0.005003690719604492,2022-05-21 01:39:53.444077
296,2970,0.006378650665283203,2022-05-21 01:39:53.444077
297,2980,0.005986928939819336,2022-05-21 01:39:53.444077
298,2990,0.006076812744140625,2022-05-21 01:39:53.444077
299,3000,0.005379676818847656,2022-05-21 01:39:53.444077
300,3010,0.005970001220703125,2022-05-21 01:39:53.444077
301,3020,0.00645136833190918,2022-05-21 01:39:53.444077
302,3030,0.006031513214111328,2022-05-21 01:39:53.444077
303,3040,0.005984783172607422,2022-05-21 01:39:53.444077
304,3050,0.006719350814819336,2022-05-21 01:39:53.444077
305,3060,0.005995035171508789,2022-05-21 01:39:53.444077
306,3070,0.0058557987213134766,2022-05-21 01:39:53.444077
307,3080,0.007014751434326172,2022-05-21 01:39:53.444077
308,3090,0.005984306335449219,2022-05-21 01:39:53.444077
309,3100,0.006287336349487305,2022-05-21 01:39:53.444077
310,3110,0.005999326705932617,2022-05-21 01:39:53.444077
311,3120,0.007552385330200195,2022-05-21 01:39:53.444077
312,3130,0.005925893783569336,2022-05-21 01:39:53.444077
313,3140,0.0065462589263916016,2022-05-21 01:39:53.444077
314,3150,0.0061609745025634766,2022-05-21 01:39:53.444077
315,3160,0.007009983062744141,2022-05-21 01:39:53.444077
316,3170,0.007784843444824219,2022-05-21 01:39:53.444077
317,3180,0.007009029388427734,2022-05-21 01:39:53.444077
318,3190,0.006993770599365234,2022-05-21 01:39:53.444077
319,3200,0.006003379821777344,2022-05-21 01:39:53.444077
320,3210,0.006623983383178711,2022-05-21 01:39:53.444077
321,3220,0.007103681564331055,2022-05-21 01:39:53.444077
322,3230,0.007576465606689453,2022-05-21 01:39:53.444077
323,3240,0.006116151809692383,2022-05-21 01:39:53.444077
324,3250,0.006007671356201172,2022-05-21 01:39:53.444077
325,3260,0.006650209426879883,2022-05-21 01:39:53.444077
326,3270,0.006991147994995117,2022-05-21 01:39:53.444077
327,3280,0.006189584732055664,2022-05-21 01:39:53.444077
328,3290,0.007012128829956055,2022-05-21 01:39:53.444077
329,3300,0.006001949310302734,2022-05-21 01:39:53.444077
330,3310,0.006682634353637695,2022-05-21 01:39:53.444077
331,3320,0.006987810134887695,2022-05-21 01:39:53.444077
332,3330,0.006259441375732422,2022-05-21 01:39:53.444077
333,3340,0.0070836544036865234,2022-05-21 01:39:53.444077
334,3350,0.007431983947753906,2022-05-21 01:39:53.444077
335,3360,0.0059964656829833984,2022-05-21 01:39:53.444077
336,3370,0.0071218013763427734,2022-05-21 01:39:53.444077
337,3380,0.007191181182861328,2022-05-21 01:39:53.444077
338,3390,0.005981922149658203,2022-05-21 01:39:53.444077
339,3400,0.007424831390380859,2022-05-21 01:39:53.444077
340,3410,0.007006406784057617,2022-05-21 01:39:53.444077
341,3420,0.0067293643951416016,2022-05-21 01:39:53.444077
342,3430,0.006970643997192383,2022-05-21 01:39:53.444077
343,3440,0.006241798400878906,2022-05-21 01:39:53.444077
344,3450,0.006998538970947266,2022-05-21 01:39:53.444077
345,3460,0.007315635681152344,2022-05-21 01:39:53.444077
346,3470,0.0071446895599365234,2022-05-21 01:39:53.444077
347,3480,0.006993532180786133,2022-05-21 01:39:53.444077
348,3490,0.007369041442871094,2022-05-21 01:39:53.444077
349,3500,0.006997346878051758,2022-05-21 01:39:53.444077
350,3510,0.007021903991699219,2022-05-21 01:39:53.444077
351,3520,0.005980253219604492,2022-05-21 01:39:53.444077
352,3530,0.007602691650390625,2022-05-21 01:39:53.444077
353,3540,0.00702977180480957,2022-05-21 01:39:53.444077
354,3550,0.008380413055419922,2022-05-21 01:39:53.444077
355,3560,0.007085561752319336,2022-05-21 01:39:53.444077
356,3570,0.0076503753662109375,2022-05-21 01:39:53.444077
357,3580,0.007000923156738281,2022-05-21 01:39:53.444077
358,3590,0.006995439529418945,2022-05-21 01:39:53.444077
359,3600,0.008175849914550781,2022-05-21 01:39:53.444077
360,3610,0.007098674774169922,2022-05-21 01:39:53.444077
361,3620,0.007308244705200195,2022-05-21 01:39:53.444077
362,3630,0.006987571716308594,2022-05-21 01:39:53.444077
363,3640,0.007995843887329102,2022-05-21 01:39:53.444077
364,3650,0.0070018768310546875,2022-05-21 01:39:53.444077
365,3660,0.007001638412475586,2022-05-21 01:39:53.444077
366,3670,0.007997989654541016,2022-05-21 01:39:53.444077
367,3680,0.0069427490234375,2022-05-21 01:39:53.444077
368,3690,0.007056713104248047,2022-05-21 01:39:53.444077
369,3700,0.007227659225463867,2022-05-21 01:39:53.444077
370,3710,0.008001327514648438,2022-05-21 01:39:53.444077
371,3720,0.006996870040893555,2022-05-21 01:39:53.444077
372,3730,0.007993459701538086,2022-05-21 01:39:53.444077
373,3740,0.007725238800048828,2022-05-21 01:39:53.444077
374,3750,0.006973981857299805,2022-05-21 01:39:53.444077
375,3760,0.007188320159912109,2022-05-21 01:39:53.444077
376,3770,0.008105039596557617,2022-05-21 01:39:53.444077
377,3780,0.00708770751953125,2022-05-21 01:39:53.444077
378,3790,0.008316755294799805,2022-05-21 01:39:53.444077
379,3800,0.007148265838623047,2022-05-21 01:39:53.444077
380,3810,0.008106708526611328,2022-05-21 01:39:53.444077
381,3820,0.00922083854675293,2022-05-21 01:39:53.444077
382,3830,0.0071218013763427734,2022-05-21 01:39:53.444077
383,3840,0.007993936538696289,2022-05-21 01:39:53.444077
384,3850,0.008036136627197266,2022-05-21 01:39:53.444077
385,3860,0.008200883865356445,2022-05-21 01:39:53.444077
386,3870,0.006999969482421875,2022-05-21 01:39:53.444077
387,3880,0.008686304092407227,2022-05-21 01:39:53.444077
388,3890,0.008002758026123047,2022-05-21 01:39:53.444077
389,3900,0.0073583126068115234,2022-05-21 01:39:53.444077
390,3910,0.007999897003173828,2022-05-21 01:39:53.444077
391,3920,0.007998228073120117,2022-05-21 01:39:53.444077
392,3930,0.008001565933227539,2022-05-21 01:39:53.444077
393,3940,0.008996248245239258,2022-05-21 01:39:53.444077
394,3950,0.008000612258911133,2022-05-21 01:39:53.444077
395,3960,0.008000612258911133,2022-05-21 01:39:53.444077
396,3970,0.007011890411376953,2022-05-21 01:39:53.444077
397,3980,0.009545326232910156,2022-05-21 01:39:53.444077
398,3990,0.008022785186767578,2022-05-21 01:39:53.444077
399,4000,0.008246183395385742,2022-05-21 01:39:53.444077
400,4010,0.007998466491699219,2022-05-21 01:39:53.444077
401,4020,0.008181095123291016,2022-05-21 01:39:53.444077
402,4030,0.008077383041381836,2022-05-21 01:39:53.444077
403,4040,0.008992910385131836,2022-05-21 01:39:53.444077
404,4050,0.008314371109008789,2022-05-21 01:39:53.444077
405,4060,0.00801396369934082,2022-05-21 01:39:53.444077
406,4070,0.00800180435180664,2022-05-21 01:39:53.444077
407,4080,0.009029865264892578,2022-05-21 01:39:53.444077
408,4090,0.0075740814208984375,2022-05-21 01:39:53.444077
409,4100,0.007983207702636719,2022-05-21 01:39:53.444077
410,4110,0.009034872055053711,2022-05-21 01:39:53.444077
411,4120,0.008007287979125977,2022-05-21 01:39:53.444077
412,4130,0.008979320526123047,2022-05-21 01:39:53.444077
413,4140,0.00791621208190918,2022-05-21 01:39:53.444077
414,4150,0.008113384246826172,2022-05-21 01:39:53.444077
415,4160,0.008963346481323242,2022-05-21 01:39:53.444077
416,4170,0.008282184600830078,2022-05-21 01:39:53.444077
417,4180,0.009012460708618164,2022-05-21 01:39:53.444077
418,4190,0.008713006973266602,2022-05-21 01:39:53.444077
419,4200,0.009601831436157227,2022-05-21 01:39:53.444077
420,4210,0.01000070571899414,2022-05-21 01:39:53.444077
421,4220,0.010683059692382812,2022-05-21 01:39:53.444077
422,4230,0.009046077728271484,2022-05-21 01:39:53.444077
423,4240,0.00848388671875,2022-05-21 01:39:53.444077
424,4250,0.009123802185058594,2022-05-21 01:39:53.444077
425,4260,0.008115053176879883,2022-05-21 01:39:53.444077
426,4270,0.009426116943359375,2022-05-21 01:39:53.444077
427,4280,0.00802755355834961,2022-05-21 01:39:53.444077
428,4290,0.008968591690063477,2022-05-21 01:39:53.444077
429,4300,0.008999109268188477,2022-05-21 01:39:53.444077
430,4310,0.008508682250976562,2022-05-21 01:39:53.444077
431,4320,0.009313583374023438,2022-05-21 01:39:53.444077
432,4330,0.009005308151245117,2022-05-21 01:39:53.444077
433,4340,0.009209394454956055,2022-05-21 01:39:53.444077
434,4350,0.009002447128295898,2022-05-21 01:39:53.444077
435,4360,0.009320259094238281,2022-05-21 01:39:53.444077
436,4370,0.009212255477905273,2022-05-21 01:39:53.444077
437,4380,0.008985757827758789,2022-05-21 01:39:53.444077
438,4390,0.009320974349975586,2022-05-21 01:39:53.444077
439,4400,0.009001731872558594,2022-05-21 01:39:53.444077
440,4410,0.009002447128295898,2022-05-21 01:39:53.444077
441,4420,0.009996414184570312,2022-05-21 01:39:53.444077
442,4430,0.009016752243041992,2022-05-21 01:39:53.444077
443,4440,0.009226799011230469,2022-05-21 01:39:53.444077
444,4450,0.00899958610534668,2022-05-21 01:39:53.444077
445,4460,0.010819673538208008,2022-05-21 01:39:53.444077
446,4470,0.010610103607177734,2022-05-21 01:39:53.444077
447,4480,0.009996175765991211,2022-05-21 01:39:53.444077
448,4490,0.010634183883666992,2022-05-21 01:39:53.444077
449,4500,0.010660409927368164,2022-05-21 01:39:53.444077
450,4510,0.013237714767456055,2022-05-21 01:39:53.444077
451,4520,0.013152360916137695,2022-05-21 01:39:53.444077
452,4530,0.009432554244995117,2022-05-21 01:39:53.444077
453,4540,0.009000062942504883,2022-05-21 01:39:53.444077
454,4550,0.00900125503540039,2022-05-21 01:39:53.444077
455,4560,0.009519577026367188,2022-05-21 01:39:53.444077
456,4570,0.009862661361694336,2022-05-21 01:39:53.444077
457,4580,0.009654045104980469,2022-05-21 01:39:53.444077
458,4590,0.010019540786743164,2022-05-21 01:39:53.444077
459,4600,0.008968353271484375,2022-05-21 01:39:53.444077
460,4610,0.009318113327026367,2022-05-21 01:39:53.444077
461,4620,0.010006427764892578,2022-05-21 01:39:53.444077
462,4630,0.010008811950683594,2022-05-21 01:39:53.444077
463,4640,0.009314537048339844,2022-05-21 01:39:53.444077
464,4650,0.010008811950683594,2022-05-21 01:39:53.444077
465,4660,0.008995294570922852,2022-05-21 01:39:53.444077
466,4670,0.01130533218383789,2022-05-21 01:39:53.444077
467,4680,0.008987665176391602,2022-05-21 01:39:53.444077
468,4690,0.01033473014831543,2022-05-21 01:39:53.444077
469,4700,0.01007223129272461,2022-05-21 01:39:53.444077
470,4710,0.009193658828735352,2022-05-21 01:39:53.444077
471,4720,0.010925769805908203,2022-05-21 01:39:53.444077
472,4730,0.009998559951782227,2022-05-21 01:39:53.444077
473,4740,0.010664939880371094,2022-05-21 01:39:53.444077
474,4750,0.011385202407836914,2022-05-21 01:39:53.444077
475,4760,0.010097026824951172,2022-05-21 01:39:53.444077
476,4770,0.009622812271118164,2022-05-21 01:39:53.444077
477,4780,0.010268449783325195,2022-05-21 01:39:53.444077
478,4790,0.010099649429321289,2022-05-21 01:39:53.444077
479,4800,0.00933527946472168,2022-05-21 01:39:53.444077
480,4810,0.010026931762695312,2022-05-21 01:39:53.444077
481,4820,0.009975194931030273,2022-05-21 01:39:53.444077
482,4830,0.010339736938476562,2022-05-21 01:39:53.444077
483,4840,0.010011434555053711,2022-05-21 01:39:53.444077
484,4850,0.009986162185668945,2022-05-21 01:39:53.444077
485,4860,0.010270833969116211,2022-05-21 01:39:53.444077
486,4870,0.010236263275146484,2022-05-21 01:39:53.444077
487,4880,0.009918689727783203,2022-05-21 01:39:53.444077
488,4890,0.010082244873046875,2022-05-21 01:39:53.444077
489,4900,0.010152101516723633,2022-05-21 01:39:53.444077
490,4910,0.010116338729858398,2022-05-21 01:39:53.444077
491,4920,0.009918451309204102,2022-05-21 01:39:53.444077
492,4930,0.011165857315063477,2022-05-21 01:39:53.444077
493,4940,0.010138273239135742,2022-05-21 01:39:53.444077
494,4950,0.01014852523803711,2022-05-21 01:39:53.444077
495,4960,0.011644363403320312,2022-05-21 01:39:53.444077
496,4970,0.01099085807800293,2022-05-21 01:39:53.444077
497,4980,0.010002851486206055,2022-05-21 01:39:53.444077
498,4990,0.010691642761230469,2022-05-21 01:39:53.444077
499,5000,0.011042594909667969,2022-05-21 01:39:53.444077
500,5010,0.010273456573486328,2022-05-21 01:39:53.444077
501,5020,0.01099705696105957,2022-05-21 01:39:53.444077
502,5030,0.010024309158325195,2022-05-21 01:39:53.444077
503,5040,0.011546611785888672,2022-05-21 01:39:53.444077
504,5050,0.011436939239501953,2022-05-21 01:39:53.444077
505,5060,0.010027647018432617,2022-05-21 01:39:53.444077
506,5070,0.010970115661621094,2022-05-21 01:39:53.444077
507,5080,0.009999752044677734,2022-05-21 01:39:53.444077
508,5090,0.011001348495483398,2022-05-21 01:39:53.444077
509,5100,0.010921478271484375,2022-05-21 01:39:53.444077
510,5110,0.010370254516601562,2022-05-21 01:39:53.444077
511,5120,0.011158227920532227,2022-05-21 01:39:53.444077
512,5130,0.010133743286132812,2022-05-21 01:39:53.444077
513,5140,0.010662078857421875,2022-05-21 01:39:53.444077
514,5150,0.011485576629638672,2022-05-21 01:39:53.444077
515,5160,0.011023283004760742,2022-05-21 01:39:53.444077
516,5170,0.01024937629699707,2022-05-21 01:39:53.444077
517,5180,0.011430740356445312,2022-05-21 01:39:53.444077
518,5190,0.010998725891113281,2022-05-21 01:39:53.444077
519,5200,0.010667562484741211,2022-05-21 01:39:53.444077
520,5210,0.011002302169799805,2022-05-21 01:39:53.444077
521,5220,0.011303901672363281,2022-05-21 01:39:53.444077
522,5230,0.012102127075195312,2022-05-21 01:39:53.444077
523,5240,0.01102304458618164,2022-05-21 01:39:53.444077
524,5250,0.012096881866455078,2022-05-21 01:39:53.444077
525,5260,0.011180877685546875,2022-05-21 01:39:53.444077
526,5270,0.011205673217773438,2022-05-21 01:39:53.444077
527,5280,0.010999679565429688,2022-05-21 01:39:53.444077
528,5290,0.011000633239746094,2022-05-21 01:39:53.444077
529,5300,0.011999845504760742,2022-05-21 01:39:53.444077
530,5310,0.011629581451416016,2022-05-21 01:39:53.444077
531,5320,0.011163949966430664,2022-05-21 01:39:53.444077
532,5330,0.011406183242797852,2022-05-21 01:39:53.444077
533,5340,0.011968612670898438,2022-05-21 01:39:53.444077
534,5350,0.013424396514892578,2022-05-21 01:39:53.444077
535,5360,0.011793851852416992,2022-05-21 01:39:53.444077
536,5370,0.01600360870361328,2022-05-21 01:39:53.444077
537,5380,0.019139766693115234,2022-05-21 01:39:53.444077
538,5390,0.016010761260986328,2022-05-21 01:39:53.444077
539,5400,0.012173175811767578,2022-05-21 01:39:53.444077
540,5410,0.012000083923339844,2022-05-21 01:39:53.444077
541,5420,0.011107683181762695,2022-05-21 01:39:53.444077
542,5430,0.011086463928222656,2022-05-21 01:39:53.444077
543,5440,0.011439800262451172,2022-05-21 01:39:53.444077
544,5450,0.012212991714477539,2022-05-21 01:39:53.444077
545,5460,0.012304306030273438,2022-05-21 01:39:53.444077
546,5470,0.012486696243286133,2022-05-21 01:39:53.444077
547,5480,0.010996580123901367,2022-05-21 01:39:53.444077
548,5490,0.011346817016601562,2022-05-21 01:39:53.444077
549,5500,0.012235164642333984,2022-05-21 01:39:53.444077
550,5510,0.011009693145751953,2022-05-21 01:39:53.444077
551,5520,0.012372255325317383,2022-05-21 01:39:53.444077
552,5530,0.011754035949707031,2022-05-21 01:39:53.444077
553,5540,0.013041019439697266,2022-05-21 01:39:53.444077
554,5550,0.012860298156738281,2022-05-21 01:39:53.444077
555,5560,0.012018918991088867,2022-05-21 01:39:53.444077
556,5570,0.01148843765258789,2022-05-21 01:39:53.444077
557,5580,0.01190948486328125,2022-05-21 01:39:53.444077
558,5590,0.012001276016235352,2022-05-21 01:39:53.444077
559,5600,0.011998414993286133,2022-05-21 01:39:53.444077
560,5610,0.012289285659790039,2022-05-21 01:39:53.444077
561,5620,0.012191534042358398,2022-05-21 01:39:53.444077
562,5630,0.012341976165771484,2022-05-21 01:39:53.444077
563,5640,0.012467145919799805,2022-05-21 01:39:53.444077
564,5650,0.01102447509765625,2022-05-21 01:39:53.444077
565,5660,0.014334440231323242,2022-05-21 01:39:53.444077
566,5670,0.011666297912597656,2022-05-21 01:39:53.444077
567,5680,0.012995243072509766,2022-05-21 01:39:53.444077
568,5690,0.011304140090942383,2022-05-21 01:39:53.444077
569,5700,0.011975765228271484,2022-05-21 01:39:53.444077
570,5710,0.012810468673706055,2022-05-21 01:39:53.444077
571,5720,0.01302194595336914,2022-05-21 01:39:53.444077
572,5730,0.012661933898925781,2022-05-21 01:39:53.444077
573,5740,0.01192164421081543,2022-05-21 01:39:53.444077
574,5750,0.012080907821655273,2022-05-21 01:39:53.444077
575,5760,0.01223611831665039,2022-05-21 01:39:53.444077
576,5770,0.011998414993286133,2022-05-21 01:39:53.444077
577,5780,0.012283086776733398,2022-05-21 01:39:53.444077
578,5790,0.01201009750366211,2022-05-21 01:39:53.444077
579,5800,0.012974977493286133,2022-05-21 01:39:53.444077
580,5810,0.012459278106689453,2022-05-21 01:39:53.444077
581,5820,0.01235508918762207,2022-05-21 01:39:53.444077
582,5830,0.012004375457763672,2022-05-21 01:39:53.444077
583,5840,0.012979984283447266,2022-05-21 01:39:53.444077
584,5850,0.011998653411865234,2022-05-21 01:39:53.444077
585,5860,0.012361764907836914,2022-05-21 01:39:53.444077
586,5870,0.015214920043945312,2022-05-21 01:39:53.444077
587,5880,0.014689207077026367,2022-05-21 01:39:53.444077
588,5890,0.013382434844970703,2022-05-21 01:39:53.444077
589,5900,0.012560844421386719,2022-05-21 01:39:53.444077
590,5910,0.011904716491699219,2022-05-21 01:39:53.444077
591,5920,0.013432979583740234,2022-05-21 01:39:53.444077
592,5930,0.012365579605102539,2022-05-21 01:39:53.444077
593,5940,0.012042045593261719,2022-05-21 01:39:53.444077
594,5950,0.01345372200012207,2022-05-21 01:39:53.444077
595,5960,0.011997699737548828,2022-05-21 01:39:53.444077
596,5970,0.013275861740112305,2022-05-21 01:39:53.444077
597,5980,0.012367010116577148,2022-05-21 01:39:53.444077
598,5990,0.012281179428100586,2022-05-21 01:39:53.444077
599,6000,0.012917041778564453,2022-05-21 01:39:53.444077
600,6010,0.013383865356445312,2022-05-21 01:39:53.444077
601,6020,0.014075756072998047,2022-05-21 01:39:53.444077
602,6030,0.012392520904541016,2022-05-21 01:39:53.444077
603,6040,0.013344526290893555,2022-05-21 01:39:53.444077
604,6050,0.012416362762451172,2022-05-21 01:39:53.444077
605,6060,0.013222455978393555,2022-05-21 01:39:53.444077
606,6070,0.01250147819519043,2022-05-21 01:39:53.444077
607,6080,0.013028383255004883,2022-05-21 01:39:53.444077
608,6090,0.0129852294921875,2022-05-21 01:39:53.444077
609,6100,0.01306009292602539,2022-05-21 01:39:53.444077
610,6110,0.013387441635131836,2022-05-21 01:39:53.444077
611,6120,0.018166303634643555,2022-05-21 01:39:53.444077
612,6130,0.015338659286499023,2022-05-21 01:39:53.444077
613,6140,0.013376712799072266,2022-05-21 01:39:53.444077
614,6150,0.01540994644165039,2022-05-21 01:39:53.444077
615,6160,0.012906074523925781,2022-05-21 01:39:53.444077
616,6170,0.014410018920898438,2022-05-21 01:39:53.444077
617,6180,0.013607025146484375,2022-05-21 01:39:53.444077
618,6190,0.014655351638793945,2022-05-21 01:39:53.444077
619,6200,0.012999773025512695,2022-05-21 01:39:53.444077
620,6210,0.013837575912475586,2022-05-21 01:39:53.444077
621,6220,0.013911008834838867,2022-05-21 01:39:53.444077
622,6230,0.013348579406738281,2022-05-21 01:39:53.444077
623,6240,0.01328897476196289,2022-05-21 01:39:53.444077
624,6250,0.013460874557495117,2022-05-21 01:39:53.444077
625,6260,0.01364278793334961,2022-05-21 01:39:53.444077
626,6270,0.013609647750854492,2022-05-21 01:39:53.444077
627,6280,0.013093709945678711,2022-05-21 01:39:53.444077
628,6290,0.013203859329223633,2022-05-21 01:39:53.444077
629,6300,0.014370203018188477,2022-05-21 01:39:53.444077
630,6310,0.01401662826538086,2022-05-21 01:39:53.444077
631,6320,0.012988567352294922,2022-05-21 01:39:53.444077
632,6330,0.013983726501464844,2022-05-21 01:39:53.444077
633,6340,0.013336896896362305,2022-05-21 01:39:53.444077
634,6350,0.013141632080078125,2022-05-21 01:39:53.444077
635,6360,0.013370037078857422,2022-05-21 01:39:53.444077
636,6370,0.014280557632446289,2022-05-21 01:39:53.444077
637,6380,0.012932062149047852,2022-05-21 01:39:53.444077
638,6390,0.014270782470703125,2022-05-21 01:39:53.444077
639,6400,0.013252973556518555,2022-05-21 01:39:53.444077
640,6410,0.013257265090942383,2022-05-21 01:39:53.444077
641,6420,0.0137939453125,2022-05-21 01:39:53.444077
642,6430,0.014336585998535156,2022-05-21 01:39:53.444077
643,6440,0.014007806777954102,2022-05-21 01:39:53.444077
644,6450,0.01398324966430664,2022-05-21 01:39:53.444077
645,6460,0.013508319854736328,2022-05-21 01:39:53.444077
646,6470,0.013908147811889648,2022-05-21 01:39:53.444077
647,6480,0.01438450813293457,2022-05-21 01:39:53.444077
648,6490,0.01443624496459961,2022-05-21 01:39:53.444077
649,6500,0.0129852294921875,2022-05-21 01:39:53.444077
650,6510,0.01430654525756836,2022-05-21 01:39:53.444077
651,6520,0.014227628707885742,2022-05-21 01:39:53.444077
652,6530,0.013999700546264648,2022-05-21 01:39:53.444077
653,6540,0.013995885848999023,2022-05-21 01:39:53.444077
654,6550,0.014013051986694336,2022-05-21 01:39:53.444077
655,6560,0.014383077621459961,2022-05-21 01:39:53.444077
656,6570,0.013524055480957031,2022-05-21 01:39:53.444077
657,6580,0.0157012939453125,2022-05-21 01:39:53.444077
658,6590,0.014423847198486328,2022-05-21 01:39:53.444077
659,6600,0.018845796585083008,2022-05-21 01:39:53.444077
660,6610,0.0167844295501709,2022-05-21 01:39:53.444077
661,6620,0.014194726943969727,2022-05-21 01:39:53.444077
662,6630,0.014689445495605469,2022-05-21 01:39:53.444077
663,6640,0.014681577682495117,2022-05-21 01:39:53.444077
664,6650,0.014000177383422852,2022-05-21 01:39:53.444077
665,6660,0.013998031616210938,2022-05-21 01:39:53.444077
666,6670,0.014000892639160156,2022-05-21 01:39:53.444077
667,6680,0.014992952346801758,2022-05-21 01:39:53.444077
668,6690,0.014377117156982422,2022-05-21 01:39:53.444077
669,6700,0.013988971710205078,2022-05-21 01:39:53.444077
670,6710,0.013982295989990234,2022-05-21 01:39:53.444077
671,6720,0.014741897583007812,2022-05-21 01:39:53.444077
672,6730,0.01528620719909668,2022-05-21 01:39:53.444077
673,6740,0.015695571899414062,2022-05-21 01:39:53.444077
674,6750,0.016458749771118164,2022-05-21 01:39:53.444077
675,6760,0.014308691024780273,2022-05-21 01:39:53.444077
676,6770,0.014856815338134766,2022-05-21 01:39:53.444077
677,6780,0.014246940612792969,2022-05-21 01:39:53.444077
678,6790,0.01561427116394043,2022-05-21 01:39:53.444077
679,6800,0.019942522048950195,2022-05-21 01:39:53.444077
680,6810,0.015386581420898438,2022-05-21 01:39:53.444077
681,6820,0.014499664306640625,2022-05-21 01:39:53.444077
682,6830,0.015001296997070312,2022-05-21 01:39:53.444077
683,6840,0.014997243881225586,2022-05-21 01:39:53.444077
684,6850,0.015363693237304688,2022-05-21 01:39:53.444077
685,6860,0.01529836654663086,2022-05-21 01:39:53.444077
686,6870,0.014883041381835938,2022-05-21 01:39:53.444077
687,6880,0.021770238876342773,2022-05-21 01:39:53.444077
688,6890,0.015635251998901367,2022-05-21 01:39:53.444077
689,6900,0.014777898788452148,2022-05-21 01:39:53.444077
690,6910,0.015659809112548828,2022-05-21 01:39:53.444077
691,6920,0.015493631362915039,2022-05-21 01:39:53.444077
692,6930,0.015368223190307617,2022-05-21 01:39:53.444077
693,6940,0.014992237091064453,2022-05-21 01:39:53.444077
694,6950,0.015316009521484375,2022-05-21 01:39:53.444077
695,6960,0.01502847671508789,2022-05-21 01:39:53.444077
696,6970,0.015379190444946289,2022-05-21 01:39:53.444077
697,6980,0.016014575958251953,2022-05-21 01:39:53.444077
698,6990,0.016816377639770508,2022-05-21 01:39:53.444077
699,7000,0.014255523681640625,2022-05-21 01:39:53.444077
700,7010,0.016169309616088867,2022-05-21 01:39:53.444077
701,7020,0.015341520309448242,2022-05-21 01:39:53.444077
702,7030,0.015353202819824219,2022-05-21 01:39:53.444077
703,7040,0.0157928466796875,2022-05-21 01:39:53.444077
704,7050,0.015369892120361328,2022-05-21 01:39:53.444077
705,7060,0.015140056610107422,2022-05-21 01:39:53.444077
706,7070,0.014983177185058594,2022-05-21 01:39:53.444077
707,7080,0.015318632125854492,2022-05-21 01:39:53.444077
708,7090,0.015317916870117188,2022-05-21 01:39:53.444077
709,7100,0.015464305877685547,2022-05-21 01:39:53.444077
710,7110,0.01499319076538086,2022-05-21 01:39:53.444077
711,7120,0.016025543212890625,2022-05-21 01:39:53.444077
712,7130,0.015497207641601562,2022-05-21 01:39:53.444077
713,7140,0.015510082244873047,2022-05-21 01:39:53.444077
714,7150,0.014971256256103516,2022-05-21 01:39:53.444077
715,7160,0.015186786651611328,2022-05-21 01:39:53.444077
716,7170,0.016066312789916992,2022-05-21 01:39:53.444077
717,7180,0.015187740325927734,2022-05-21 01:39:53.444077
718,7190,0.016298532485961914,2022-05-21 01:39:53.444077
719,7200,0.015640974044799805,2022-05-21 01:39:53.444077
720,7210,0.014918327331542969,2022-05-21 01:39:53.444077
721,7220,0.015425443649291992,2022-05-21 01:39:53.444077
722,7230,0.01570892333984375,2022-05-21 01:39:53.444077
723,7240,0.01592397689819336,2022-05-21 01:39:53.444077
724,7250,0.01638031005859375,2022-05-21 01:39:53.444077
725,7260,0.01630425453186035,2022-05-21 01:39:53.444077
726,7270,0.015793561935424805,2022-05-21 01:39:53.444077
727,7280,0.015004873275756836,2022-05-21 01:39:53.444077
728,7290,0.016002178192138672,2022-05-21 01:39:53.444077
729,7300,0.016021728515625,2022-05-21 01:39:53.444077
730,7310,0.015932798385620117,2022-05-21 01:39:53.444077
731,7320,0.016364336013793945,2022-05-21 01:39:53.444077
732,7330,0.016265153884887695,2022-05-21 01:39:53.444077
733,7340,0.015210390090942383,2022-05-21 01:39:53.444077
734,7350,0.016724348068237305,2022-05-21 01:39:53.444077
735,7360,0.015430212020874023,2022-05-21 01:39:53.444077
736,7370,0.016727924346923828,2022-05-21 01:39:53.444077
737,7380,0.01626110076904297,2022-05-21 01:39:53.444077
738,7390,0.016751527786254883,2022-05-21 01:39:53.444077
739,7400,0.01597905158996582,2022-05-21 01:39:53.444077
740,7410,0.016270160675048828,2022-05-21 01:39:53.444077
741,7420,0.015911102294921875,2022-05-21 01:39:53.444077
742,7430,0.016626358032226562,2022-05-21 01:39:53.444077
743,7440,0.016530752182006836,2022-05-21 01:39:53.444077
744,7450,0.01616811752319336,2022-05-21 01:39:53.444077
745,7460,0.015774011611938477,2022-05-21 01:39:53.444077
746,7470,0.01699995994567871,2022-05-21 01:39:53.444077
747,7480,0.01699972152709961,2022-05-21 01:39:53.444077
748,7490,0.017730712890625,2022-05-21 01:39:53.444077
749,7500,0.016527175903320312,2022-05-21 01:39:53.444077
750,7510,0.015407800674438477,2022-05-21 01:39:53.444077
751,7520,0.01659870147705078,2022-05-21 01:39:53.444077
752,7530,0.017417192459106445,2022-05-21 01:39:53.444077
753,7540,0.016277790069580078,2022-05-21 01:39:53.444077
754,7550,0.016003847122192383,2022-05-21 01:39:53.444077
755,7560,0.016332626342773438,2022-05-21 01:39:53.444077
756,7570,0.01636195182800293,2022-05-21 01:39:53.444077
757,7580,0.017000675201416016,2022-05-21 01:39:53.444077
758,7590,0.01571369171142578,2022-05-21 01:39:53.444077
759,7600,0.017094135284423828,2022-05-21 01:39:53.444077
760,7610,0.017296791076660156,2022-05-21 01:39:53.444077
761,7620,0.016404151916503906,2022-05-21 01:39:53.444077
762,7630,0.017331838607788086,2022-05-21 01:39:53.444077
763,7640,0.017168760299682617,2022-05-21 01:39:53.444077
764,7650,0.016359329223632812,2022-05-21 01:39:53.444077
765,7660,0.017261266708374023,2022-05-21 01:39:53.444077
766,7670,0.01731276512145996,2022-05-21 01:39:53.444077
767,7680,0.016228437423706055,2022-05-21 01:39:53.444077
768,7690,0.01733851432800293,2022-05-21 01:39:53.444077
769,7700,0.016332149505615234,2022-05-21 01:39:53.444077
770,7710,0.016974687576293945,2022-05-21 01:39:53.444077
771,7720,0.01699209213256836,2022-05-21 01:39:53.444077
772,7730,0.018179655075073242,2022-05-21 01:39:53.444077
773,7740,0.017344951629638672,2022-05-21 01:39:53.444077
774,7750,0.016495227813720703,2022-05-21 01:39:53.444077
775,7760,0.01747584342956543,2022-05-21 01:39:53.444077
776,7770,0.016183853149414062,2022-05-21 01:39:53.444077
777,7780,0.018009424209594727,2022-05-21 01:39:53.444077
778,7790,0.016966819763183594,2022-05-21 01:39:53.444077
779,7800,0.016892194747924805,2022-05-21 01:39:53.444077
780,7810,0.01729726791381836,2022-05-21 01:39:53.444077
781,7820,0.015977144241333008,2022-05-21 01:39:53.444077
782,7830,0.01818251609802246,2022-05-21 01:39:53.444077
783,7840,0.016603946685791016,2022-05-21 01:39:53.444077
784,7850,0.01810741424560547,2022-05-21 01:39:53.444077
785,7860,0.025332212448120117,2022-05-21 01:39:53.444077
786,7870,0.02008962631225586,2022-05-21 01:39:53.444077
787,7880,0.019753217697143555,2022-05-21 01:39:53.444077
788,7890,0.018729686737060547,2022-05-21 01:39:53.444077
789,7900,0.019693374633789062,2022-05-21 01:39:53.444077
790,7910,0.017805814743041992,2022-05-21 01:39:53.444077
791,7920,0.018845796585083008,2022-05-21 01:39:53.444077
792,7930,0.027354717254638672,2022-05-21 01:39:53.444077
793,7940,0.018062591552734375,2022-05-21 01:39:53.444077
794,7950,0.017603158950805664,2022-05-21 01:39:53.444077
795,7960,0.018447160720825195,2022-05-21 01:39:53.444077
796,7970,0.018694400787353516,2022-05-21 01:39:53.444077
797,7980,0.016993284225463867,2022-05-21 01:39:53.444077
798,7990,0.01695728302001953,2022-05-21 01:39:53.444077
799,8000,0.01936960220336914,2022-05-21 01:39:53.444077
800,8010,0.023802757263183594,2022-05-21 01:39:53.444077
801,8020,0.018509864807128906,2022-05-21 01:39:53.444077
802,8030,0.01856851577758789,2022-05-21 01:39:53.444077
803,8040,0.019665241241455078,2022-05-21 01:39:53.444077
804,8050,0.017387866973876953,2022-05-21 01:39:53.444077
805,8060,0.01857137680053711,2022-05-21 01:39:53.444077
806,8070,0.017282962799072266,2022-05-21 01:39:53.444077
807,8080,0.0178072452545166,2022-05-21 01:39:53.444077
808,8090,0.024034976959228516,2022-05-21 01:39:53.444077
809,8100,0.017569303512573242,2022-05-21 01:39:53.444077
810,8110,0.018246889114379883,2022-05-21 01:39:53.444077
811,8120,0.019018173217773438,2022-05-21 01:39:53.444077
812,8130,0.019971847534179688,2022-05-21 01:39:53.444077
813,8140,0.01929640769958496,2022-05-21 01:39:53.444077
814,8150,0.01900029182434082,2022-05-21 01:39:53.444077
815,8160,0.018674612045288086,2022-05-21 01:39:53.444077
816,8170,0.018916845321655273,2022-05-21 01:39:53.444077
817,8180,0.01900005340576172,2022-05-21 01:39:53.444077
818,8190,0.019292116165161133,2022-05-21 01:39:53.444077
819,8200,0.018700599670410156,2022-05-21 01:39:53.444077
820,8210,0.01902294158935547,2022-05-21 01:39:53.444077
821,8220,0.01900959014892578,2022-05-21 01:39:53.444077
822,8230,0.01936793327331543,2022-05-21 01:39:53.444077
823,8240,0.01799917221069336,2022-05-21 01:39:53.444077
824,8250,0.01924419403076172,2022-05-21 01:39:53.444077
825,8260,0.018578529357910156,2022-05-21 01:39:53.444077
826,8270,0.019841432571411133,2022-05-21 01:39:53.444077
827,8280,0.019513607025146484,2022-05-21 01:39:53.444077
828,8290,0.01835942268371582,2022-05-21 01:39:53.444077
829,8300,0.019008398056030273,2022-05-21 01:39:53.444077
830,8310,0.01799488067626953,2022-05-21 01:39:53.444077
831,8320,0.01829838752746582,2022-05-21 01:39:53.444077
832,8330,0.01818370819091797,2022-05-21 01:39:53.444077
833,8340,0.01838994026184082,2022-05-21 01:39:53.444077
834,8350,0.018363475799560547,2022-05-21 01:39:53.444077
835,8360,0.019467592239379883,2022-05-21 01:39:53.444077
836,8370,0.021489381790161133,2022-05-21 01:39:53.444077
837,8380,0.02489614486694336,2022-05-21 01:39:53.444077
838,8390,0.018292665481567383,2022-05-21 01:39:53.444077
839,8400,0.018721818923950195,2022-05-21 01:39:53.444077
840,8410,0.019001245498657227,2022-05-21 01:39:53.444077
841,8420,0.01801586151123047,2022-05-21 01:39:53.444077
842,8430,0.019629955291748047,2022-05-21 01:39:53.444077
843,8440,0.01838064193725586,2022-05-21 01:39:53.444077
844,8450,0.018340349197387695,2022-05-21 01:39:53.444077
845,8460,0.018210411071777344,2022-05-21 01:39:53.444077
846,8470,0.0194699764251709,2022-05-21 01:39:53.444077
847,8480,0.018199920654296875,2022-05-21 01:39:53.444077
848,8490,0.019701242446899414,2022-05-21 01:39:53.444077
849,8500,0.02080535888671875,2022-05-21 01:39:53.444077
850,8510,0.01939702033996582,2022-05-21 01:39:53.444077
851,8520,0.019151926040649414,2022-05-21 01:39:53.444077
852,8530,0.019486188888549805,2022-05-21 01:39:53.444077
853,8540,0.01931476593017578,2022-05-21 01:39:53.444077
854,8550,0.018436670303344727,2022-05-21 01:39:53.444077
855,8560,0.02247476577758789,2022-05-21 01:39:53.444077
856,8570,0.018662214279174805,2022-05-21 01:39:53.444077
857,8580,0.019440412521362305,2022-05-21 01:39:53.444077
858,8590,0.02598094940185547,2022-05-21 01:39:53.444077
859,8600,0.019521474838256836,2022-05-21 01:39:53.444077
860,8610,0.01870107650756836,2022-05-21 01:39:53.444077
861,8620,0.020261526107788086,2022-05-21 01:39:53.444077
862,8630,0.018543720245361328,2022-05-21 01:39:53.444077
863,8640,0.019290447235107422,2022-05-21 01:39:53.444077
864,8650,0.019242286682128906,2022-05-21 01:39:53.444077
865,8660,0.02050638198852539,2022-05-21 01:39:53.444077
866,8670,0.018915891647338867,2022-05-21 01:39:53.444077
867,8680,0.021863222122192383,2022-05-21 01:39:53.444077
868,8690,0.018686532974243164,2022-05-21 01:39:53.444077
869,8700,0.019896268844604492,2022-05-21 01:39:53.444077
870,8710,0.019503116607666016,2022-05-21 01:39:53.444077
871,8720,0.019317626953125,2022-05-21 01:39:53.444077
872,8730,0.018499374389648438,2022-05-21 01:39:53.444077
873,8740,0.01967477798461914,2022-05-21 01:39:53.444077
874,8750,0.019356727600097656,2022-05-21 01:39:53.444077
875,8760,0.020668983459472656,2022-05-21 01:39:53.444077
876,8770,0.019003868103027344,2022-05-21 01:39:53.444077
877,8780,0.020334482192993164,2022-05-21 01:39:53.444077
878,8790,0.018724679946899414,2022-05-21 01:39:53.444077
879,8800,0.02035379409790039,2022-05-21 01:39:53.444077
880,8810,0.019254207611083984,2022-05-21 01:39:53.444077
881,8820,0.020084142684936523,2022-05-21 01:39:53.444077
882,8830,0.019313573837280273,2022-05-21 01:39:53.444077
883,8840,0.0196380615234375,2022-05-21 01:39:53.444077
884,8850,0.019635915756225586,2022-05-21 01:39:53.444077
885,8860,0.02022862434387207,2022-05-21 01:39:53.444077
886,8870,0.01964569091796875,2022-05-21 01:39:53.444077
887,8880,0.019988059997558594,2022-05-21 01:39:53.444077
888,8890,0.020662784576416016,2022-05-21 01:39:53.444077
889,8900,0.019315004348754883,2022-05-21 01:39:53.444077
890,8910,0.020282506942749023,2022-05-21 01:39:53.444077
891,8920,0.019608736038208008,2022-05-21 01:39:53.444077
892,8930,0.019027233123779297,2022-05-21 01:39:53.444077
893,8940,0.01992201805114746,2022-05-21 01:39:53.444077
894,8950,0.020081281661987305,2022-05-21 01:39:53.444077
895,8960,0.02135920524597168,2022-05-21 01:39:53.444077
896,8970,0.020409822463989258,2022-05-21 01:39:53.444077
897,8980,0.0196688175201416,2022-05-21 01:39:53.444077
898,8990,0.01963496208190918,2022-05-21 01:39:53.444077
899,9000,0.02058267593383789,2022-05-21 01:39:53.444077
900,9010,0.020269393920898438,2022-05-21 01:39:53.444077
901,9020,0.019636869430541992,2022-05-21 01:39:53.444077
902,9030,0.020671844482421875,2022-05-21 01:39:53.444077
903,9040,0.02130126953125,2022-05-21 01:39:53.444077
904,9050,0.021593570709228516,2022-05-21 01:39:53.444077
905,9060,0.025693178176879883,2022-05-21 01:39:53.444077
906,9070,0.021482229232788086,2022-05-21 01:39:53.444077
907,9080,0.020220041275024414,2022-05-21 01:39:53.444077
908,9090,0.02081012725830078,2022-05-21 01:39:53.444077
909,9100,0.021654367446899414,2022-05-21 01:39:53.444077
910,9110,0.020292282104492188,2022-05-21 01:39:53.444077
911,9120,0.01996302604675293,2022-05-21 01:39:53.444077
912,9130,0.021000146865844727,2022-05-21 01:39:53.444077
913,9140,0.019917011260986328,2022-05-21 01:39:53.444077
914,9150,0.021732091903686523,2022-05-21 01:39:53.444077
915,9160,0.020267963409423828,2022-05-21 01:39:53.444077
916,9170,0.019998788833618164,2022-05-21 01:39:53.444077
917,9180,0.020319700241088867,2022-05-21 01:39:53.444077
918,9190,0.02099752426147461,2022-05-21 01:39:53.444077
919,9200,0.020974159240722656,2022-05-21 01:39:53.444077
920,9210,0.01977396011352539,2022-05-21 01:39:53.444077
921,9220,0.020179271697998047,2022-05-21 01:39:53.444077
922,9230,0.021219730377197266,2022-05-21 01:39:53.444077
923,9240,0.020979881286621094,2022-05-21 01:39:53.444077
924,9250,0.020828723907470703,2022-05-21 01:39:53.444077
925,9260,0.021039962768554688,2022-05-21 01:39:53.444077
926,9270,0.02131199836730957,2022-05-21 01:39:53.444077
927,9280,0.02050638198852539,2022-05-21 01:39:53.444077
928,9290,0.02135467529296875,2022-05-21 01:39:53.444077
929,9300,0.020999908447265625,2022-05-21 01:39:53.444077
930,9310,0.021896839141845703,2022-05-21 01:39:53.444077
931,9320,0.020168542861938477,2022-05-21 01:39:53.444077
932,9330,0.0209958553314209,2022-05-21 01:39:53.444077
933,9340,0.020450115203857422,2022-05-21 01:39:53.444077
934,9350,0.02067112922668457,2022-05-21 01:39:53.444077
935,9360,0.021332263946533203,2022-05-21 01:39:53.444077
936,9370,0.021343708038330078,2022-05-21 01:39:53.444077
937,9380,0.020934581756591797,2022-05-21 01:39:53.444077
938,9390,0.02068328857421875,2022-05-21 01:39:53.444077
939,9400,0.022203683853149414,2022-05-21 01:39:53.444077
940,9410,0.020685672760009766,2022-05-21 01:39:53.444077
941,9420,0.021352767944335938,2022-05-21 01:39:53.444077
942,9430,0.022877216339111328,2022-05-21 01:39:53.444077
943,9440,0.021215200424194336,2022-05-21 01:39:53.444077
944,9450,0.02055525779724121,2022-05-21 01:39:53.444077
945,9460,0.022037029266357422,2022-05-21 01:39:53.444077
946,9470,0.021234512329101562,2022-05-21 01:39:53.444077
947,9480,0.020351886749267578,2022-05-21 01:39:53.444077
948,9490,0.0214383602142334,2022-05-21 01:39:53.444077
949,9500,0.02569413185119629,2022-05-21 01:39:53.444077
950,9510,0.02196645736694336,2022-05-21 01:39:53.444077
951,9520,0.023888349533081055,2022-05-21 01:39:53.444077
952,9530,0.02215719223022461,2022-05-21 01:39:53.444077
953,9540,0.0257108211517334,2022-05-21 01:39:53.444077
954,9550,0.029790401458740234,2022-05-21 01:39:53.444077
955,9560,0.028554439544677734,2022-05-21 01:39:53.444077
956,9570,0.022608041763305664,2022-05-21 01:39:53.444077
957,9580,0.021436214447021484,2022-05-21 01:39:53.444077
958,9590,0.021532058715820312,2022-05-21 01:39:53.444077
959,9600,0.02242279052734375,2022-05-21 01:39:53.444077
960,9610,0.02199578285217285,2022-05-21 01:39:53.444077
961,9620,0.022423505783081055,2022-05-21 01:39:53.444077
962,9630,0.021471023559570312,2022-05-21 01:39:53.444077
963,9640,0.02237081527709961,2022-05-21 01:39:53.444077
964,9650,0.021761417388916016,2022-05-21 01:39:53.444077
965,9660,0.02100348472595215,2022-05-21 01:39:53.444077
966,9670,0.022504806518554688,2022-05-21 01:39:53.444077
967,9680,0.02136683464050293,2022-05-21 01:39:53.444077
968,9690,0.022006988525390625,2022-05-21 01:39:53.444077
969,9700,0.0215146541595459,2022-05-21 01:39:53.444077
970,9710,0.021625995635986328,2022-05-21 01:39:53.444077
971,9720,0.021369218826293945,2022-05-21 01:39:53.444077
972,9730,0.021881103515625,2022-05-21 01:39:53.444077
973,9740,0.022004127502441406,2022-05-21 01:39:53.444077
974,9750,0.0226442813873291,2022-05-21 01:39:53.444077
975,9760,0.02237677574157715,2022-05-21 01:39:53.444077
976,9770,0.022440671920776367,2022-05-21 01:39:53.444077
977,9780,0.02243947982788086,2022-05-21 01:39:53.444077
978,9790,0.021912097930908203,2022-05-21 01:39:53.444077
979,9800,0.023749589920043945,2022-05-21 01:39:53.444077
980,9810,0.022799015045166016,2022-05-21 01:39:53.444077
981,9820,0.026129961013793945,2022-05-21 01:39:53.444077
982,9830,0.021274805068969727,2022-05-21 01:39:53.444077
983,9840,0.022707462310791016,2022-05-21 01:39:53.444077
984,9850,0.022732257843017578,2022-05-21 01:39:53.444077
985,9860,0.023316383361816406,2022-05-21 01:39:53.444077
986,9870,0.022945165634155273,2022-05-21 01:39:53.444077
987,9880,0.021918296813964844,2022-05-21 01:39:53.444077
988,9890,0.022391557693481445,2022-05-21 01:39:53.444077
989,9900,0.021311044692993164,2022-05-21 01:39:53.444077
990,9910,0.023053646087646484,2022-05-21 01:39:53.444077
991,9920,0.02152848243713379,2022-05-21 01:39:53.444077
992,9930,0.024038076400756836,2022-05-21 01:39:53.444077
993,9940,0.02879786491394043,2022-05-21 01:39:53.444077
994,9950,0.02222728729248047,2022-05-21 01:39:53.444077
995,9960,0.022378921508789062,2022-05-21 01:39:53.444077
996,9970,0.023000240325927734,2022-05-21 01:39:53.444077
997,9980,0.023021936416625977,2022-05-21 01:39:53.444077
998,9990,0.02312326431274414,2022-05-21 01:39:53.444077
